ID,Material,Location,Number,Quantity
0,钢材-Q420D钢管,上弦杆,4,3.70171926470506
1,混凝土-C80自密实微膨胀,上弦杆,4,4.56127932437856
2,钢材-Q420D钢管,上弦杆,4,14.5223933214183
3,混凝土-C80自密实微膨胀,上弦杆,4,17.8945748342038
4,钢材-Q420D钢管,上弦杆,4,10.3988751495418
5,混凝土-C80自密实微膨胀,上弦杆,4,12.813552521028
6,钢材-Q420D钢管,上弦杆,4,10.5277912176338
7,混凝土-C80自密实微膨胀,上弦杆,4,12.9724036261279
8,钢材-Q420D钢管,上弦杆,4,1.99549885360273
9,混凝土-C80自密实微膨胀,上弦杆,4,2.45886492515648
10,钢材-Q420D钢管,上弦杆,4,10.4956854119828
11,混凝土-C80自密实微膨胀,上弦杆,4,12.9328426715993
12,钢材-Q420D钢管,上弦杆,4,4.69487950674195
13,混凝土-C80自密实微膨胀,上弦杆,4,5.7850569676458
14,钢材-Q420D钢管,上弦杆,4,6.14282509568006
15,混凝土-C80自密实微膨胀,上弦杆,4,7.56922367651015
16,钢材-Q420D钢管,上弦杆,4,5.13305273890116
17,混凝土-C80自密实微膨胀,上弦杆,4,6.32497649190588
18,钢材-Q420D钢管,上弦杆,4,5.15870842449818
19,混凝土-C80自密实微膨胀,上弦杆,4,6.35658957217976
20,钢材-Q420D钢管,上弦杆,4,2.44915819161529
21,混凝土-C80自密实微膨胀,上弦杆,4,3.0178665162598
22,钢材-Q420D钢管,上弦杆,4,5.05340794776952
23,混凝土-C80自密实微膨胀,上弦杆,4,6.22683773175004
24,钢材-Q420D钢管,上弦杆,4,3.96269265244803
25,混凝土-C80自密实微膨胀,上弦杆,4,6.38453521432131
26,钢材-Q420D钢管,上弦杆,4,4.37665777064981
27,混凝土-C80自密实微膨胀,上弦杆,4,7.05149960103125
28,钢材-Q420D钢管,上弦杆,4,4.36590119505112
29,混凝土-C80自密实微膨胀,上弦杆,4,7.03416902767654
30,钢材-Q420D钢管,上弦杆,4,3.85206473482271
31,混凝土-C80自密实微膨胀,上弦杆,4,6.20629584586321
32,钢材-Q420D钢管,上弦杆,4,3.85004003569137
33,混凝土-C80自密实微膨胀,上弦杆,4,6.20303372991424
34,钢材-Q420D钢管,上弦杆,4,1.8344600868979
35,混凝土-C80自密实微膨胀,上弦杆,4,2.95561025072968
36,钢材-Q420D钢管,上弦杆,4,3.79750021462124
37,混凝土-C80自密实微膨胀,上弦杆,4,6.11838362777493
38,钢材-Q420D钢管,上弦杆,4,3.78954828031639
39,混凝土-C80自密实微膨胀,上弦杆,4,6.10557178263728
40,钢材-Q420D钢管,上弦杆,4,4.21009074910538
41,混凝土-C80自密实微膨胀,上弦杆,4,6.78313333903057
42,钢材-Q420D钢管,上弦杆,4,4.18313315691704
43,混凝土-C80自密实微膨胀,上弦杆,4,6.7397003222122
44,钢材-Q420D钢管,上弦杆,4,3.71063861418256
45,混凝土-C80自密实微膨胀,上弦杆,4,5.97843561882943
46,钢材-Q420D钢管,上弦杆,4,3.69480674034645
47,混凝土-C80自密实微膨胀,上弦杆,4,5.95292792371386
48,钢材-Q420D钢管,上弦杆,4,1.76536171873808
49,混凝土-C80自密实微膨胀,上弦杆,4,2.84428166598668
50,钢材-Q420D钢管,上弦杆,4,3.66349464733983
51,混凝土-C80自密实微膨胀,上弦杆,4,5.90247910570842
52,钢材-Q420D钢管,上弦杆,4,3.64421878554519
53,混凝土-C80自密实微膨胀,上弦杆,4,5.87142259206781
54,钢材-Q420D钢管,上弦杆,4,4.06595669286034
55,混凝土-C80自密实微膨胀,上弦杆,4,6.55091019219859
56,钢材-Q420D钢管,上弦杆,4,4.03049252555581
57,混凝土-C80自密实微膨胀,上弦杆,4,6.49377171468824
58,钢材-Q420D钢管,上弦杆,4,3.58894964911205
59,混凝土-C80自密实微膨胀,上弦杆,4,5.78237512390131
60,钢材-Q420D钢管,上弦杆,4,3.56547550722079
61,混凝土-C80自密实微膨胀,上弦杆,4,5.74455450578244
62,钢材-Q420D钢管,上弦杆,4,1.70703330998934
63,混凝土-C80自密实微膨胀,上弦杆,4,2.75030521807276
64,钢材-Q420D钢管,上弦杆,4,3.54877073135358
65,混凝土-C80自密实微膨胀,上弦杆,4,5.71764042509902
66,钢材-Q420D钢管,上弦杆,4,3.52371820733918
67,混凝土-C80自密实微膨胀,上弦杆,4,5.67727677951608
68,钢材-Q420D钢管,上弦杆,4,3.94295601484524
69,混凝土-C80自密实微膨胀,上弦杆,4,6.35273631674356
70,钢材-Q420D钢管,上弦杆,4,3.90466158427978
71,混凝土-C80自密实微膨胀,上弦杆,4,6.2910378299062
72,钢材-Q420D钢管,上弦杆,4,3.48571049607966
73,混凝土-C80自密实微膨胀,上弦杆,4,5.61604024359591
74,钢材-Q420D钢管,上弦杆,4,3.45920067090779
75,混凝土-C80自密实微膨胀,上弦杆,4,5.573328651459
76,钢材-Q420D钢管,上弦杆,4,1.65848497212549
77,混凝土-C80自密实微膨胀,上弦杆,4,2.67208603736062
78,钢材-Q420D钢管,上弦杆,4,3.45198739388047
79,混凝土-C80自密实微膨胀,上弦杆,4,5.56170690199955
80,钢材-Q420D钢管,上弦杆,4,3.42528210145075
81,混凝土-C80自密实微膨胀,上弦杆,4,5.5186803806717
82,钢材-Q420D钢管,上弦杆,4,3.83951548999126
83,混凝土-C80自密实微膨胀,上弦杆,4,6.18607699404536
84,钢材-Q420D钢管,上弦杆,4,3.80266046935418
85,混凝土-C80自密实微膨胀,上弦杆,4,6.12669762811432
86,钢材-Q420D钢管,上弦杆,4,3.80909855001034
87,混凝土-C80自密实微膨胀,上弦杆,4,6.13707041153886
88,钢材-Q420D钢管,上弦杆,4,3.77348707048999
89,混凝土-C80自密实微膨胀,上弦杆,4,6.07969459035543
90,钢材-Q420D钢管,上弦杆,4,3.37426956427094
91,混凝土-C80自密实微膨胀,上弦杆,4,5.43649097852486
92,钢材-Q420D钢管,上弦杆,4,3.34896090707066
93,混凝土-C80自密实微膨胀,上弦杆,4,5.39571466118353
94,钢材-Q420D钢管,上弦杆,4,1.6073314622696
95,混凝土-C80自密实微膨胀,上弦杆,4,2.58966950555887
96,钢材-Q420D钢管,上弦杆,4,3.34830690718603
97,混凝土-C80自密实微膨胀,上弦杆,4,5.3946609621814
98,钢材-Q420D钢管,上弦杆,4,3.32415717551633
99,混凝土-C80自密实微膨胀,上弦杆,4,5.35575186026901
100,钢材-Q420D钢管,上弦杆,4,3.72921010728216
101,混凝土-C80自密实微膨胀,上弦杆,4,6.00835728121313
102,钢材-Q420D钢管,上弦杆,4,3.6991710587353
103,混凝土-C80自密实微膨胀,上弦杆,4,5.95995954258618
104,钢材-Q420D钢管,上弦杆,4,3.70618345484873
105,混凝土-C80自密实微膨胀,上弦杆,4,5.97125764058408
106,钢材-Q420D钢管,上弦杆,4,3.67852764716939
107,混凝土-C80自密实微膨胀,上弦杆,4,5.9266996863102
108,钢材-Q420D钢管,上弦杆,4,3.28966577623805
109,混凝土-C80自密实微膨胀,上弦杆,4,5.30018066850693
110,钢材-Q420D钢管,上弦杆,4,3.26990919279251
111,混凝土-C80自密实微膨胀,上弦杆,4,5.26834963496846
112,钢材-Q420D钢管,上弦杆,4,1.56983878574853
113,混凝土-C80自密实微膨胀,上弦杆,4,2.52926277343947
114,钢材-Q420D钢管,上弦杆,4,3.27057145832122
115,混凝土-C80自密实微膨胀,上弦杆,4,5.26941665125262
116,钢材-Q420D钢管,上弦杆,4,3.25294553544584
117,混凝土-C80自密实微膨胀,上弦杆,4,5.24101845458367
118,钢材-Q420D钢管,上弦杆,4,3.64714205187457
119,混凝土-C80自密实微膨胀,上弦杆,4,5.87613244429651
120,钢材-Q420D钢管,上弦杆,4,3.62802794839589
121,混凝土-C80自密实微膨胀,上弦杆,4,5.84533654931979
122,钢材-Q420D钢管,上弦杆,4,3.63064761848182
123,混凝土-C80自密实微膨胀,上弦杆,4,5.8495572591705
124,钢材-Q420D钢管,上弦杆,4,3.61480330986248
125,混凝土-C80自密实微膨胀,上弦杆,4,5.82402952961918
126,钢材-Q420D钢管,上弦杆,4,3.22883861793836
127,混凝土-C80自密实微膨胀,上弦杆,4,5.20217833317275
128,钢材-Q420D钢管,上弦杆,4,3.21784748528091
129,混凝土-C80自密实微膨胀,上弦杆,4,5.18446985067073
130,钢材-Q420D钢管,上弦杆,4,1.76013819995808
131,混凝土-C80自密实微膨胀,上弦杆,4,2.46065068975509
132,钢材-Q420D钢管,上弦杆,4,3.66529171844977
133,混凝土-C80自密实微膨胀,上弦杆,4,5.12403093994087
134,钢材-Q420D钢管,上弦杆,4,3.65604692246421
135,混凝土-C80自密实微膨胀,上弦杆,4,5.1111068334025
136,钢材-Q420D钢管,上弦杆,4,4.09193654018129
137,混凝土-C80自密实微膨胀,上弦杆,4,5.7204749435419
138,钢材-Q420D钢管,上弦杆,4,4.08623184673113
139,混凝土-C80自密实微膨胀,上弦杆,4,5.71249985506685
140,钢材-Q420D钢管,上弦杆,4,4.07986870458206
141,混凝土-C80自密实微膨胀,上弦杆,4,5.70360426373288
142,钢材-Q420D钢管,上弦杆,4,4.07865963094015
143,混凝土-C80自密实微膨胀,上弦杆,4,5.70191399424666
144,钢材-Q420D钢管,上弦杆,4,3.63511484133035
145,混凝土-C80自密实微膨胀,上弦杆,4,5.08184405171793
146,钢材-Q420D钢管,上弦杆,4,3.63544456690731
147,混凝土-C80自密实微膨胀,上弦杆,4,5.08230500385703
148,钢材-Q420D钢管,上弦杆,4,1.74327270096785
149,混凝土-C80自密实微膨胀,上弦杆,4,2.43707293789198
150,钢材-Q420D钢管,上弦杆,4,3.62670708758111
151,混凝土-C80自密实微膨胀,上弦杆,4,5.07009011951939
152,钢材-Q420D钢管,上弦杆,4,3.63104907018235
153,混凝土-C80自密实微膨胀,上弦杆,4,5.07616015565797
154,钢材-Q420D钢管,上弦杆,4,4.05312649294106
155,混凝土-C80自密实微膨胀,上弦杆,4,5.66621899391625
156,钢材-Q420D钢管,上弦杆,4,4.06650799189957
157,混凝土-C80自密实微膨胀,上弦杆,4,5.68492615829856
158,钢材-Q420D钢管,上弦杆,4,4.04730824463805
159,混凝土-C80自密实微膨胀,上弦杆,4,5.65808515720939
160,钢材-Q420D钢管,上弦杆,4,4.06589538315772
161,混凝土-C80自密实微膨胀,上弦杆,4,5.68406973911329
162,钢材-Q420D钢管,上弦杆,4,3.61271364746566
163,混凝土-C80自密实微膨胀,上弦杆,4,5.05052746922697
164,钢材-Q420D钢管,上弦杆,4,3.62841328970893
165,混凝土-C80自密实微膨胀,上弦杆,4,5.0724753682702
166,钢材-Q420D钢管,上弦杆,4,1.73774917243811
167,混凝土-C80自密实微膨胀,上弦杆,4,2.42935111565842
168,钢材-Q420D钢管,上弦杆,4,3.62841328970893
169,混凝土-C80自密实微膨胀,上弦杆,4,5.0724753682702
170,钢材-Q420D钢管,上弦杆,4,3.61271364746566
171,混凝土-C80自密实微膨胀,上弦杆,4,5.05052746922697
172,钢材-Q420D钢管,上弦杆,4,4.06589538315772
173,混凝土-C80自密实微膨胀,上弦杆,4,5.68406973911329
174,钢材-Q420D钢管,上弦杆,4,4.04730824463805
175,混凝土-C80自密实微膨胀,上弦杆,4,5.65808515720939
176,钢材-Q420D钢管,上弦杆,4,4.06650799189957
177,混凝土-C80自密实微膨胀,上弦杆,4,5.68492615829856
178,钢材-Q420D钢管,上弦杆,4,4.05312649294106
179,混凝土-C80自密实微膨胀,上弦杆,4,5.66621899391625
180,钢材-Q420D钢管,上弦杆,4,3.63104907018235
181,混凝土-C80自密实微膨胀,上弦杆,4,5.07616015565798
182,钢材-Q420D钢管,上弦杆,4,3.6267070875811
183,混凝土-C80自密实微膨胀,上弦杆,4,5.07009011951939
184,钢材-Q420D钢管,上弦杆,4,1.74327270096785
185,混凝土-C80自密实微膨胀,上弦杆,4,2.43707293789198
186,钢材-Q420D钢管,上弦杆,4,3.63544456690731
187,混凝土-C80自密实微膨胀,上弦杆,4,5.08230500385703
188,钢材-Q420D钢管,上弦杆,4,3.63511484133035
189,混凝土-C80自密实微膨胀,上弦杆,4,5.08184405171793
190,钢材-Q420D钢管,上弦杆,4,4.07865963094015
191,混凝土-C80自密实微膨胀,上弦杆,4,5.70191399424666
192,钢材-Q420D钢管,上弦杆,4,4.07986870458206
193,混凝土-C80自密实微膨胀,上弦杆,4,5.70360426373288
194,钢材-Q420D钢管,上弦杆,4,4.08623184673113
195,混凝土-C80自密实微膨胀,上弦杆,4,5.71249985506685
196,钢材-Q420D钢管,上弦杆,4,4.09193654018129
197,混凝土-C80自密实微膨胀,上弦杆,4,5.7204749435419
198,钢材-Q420D钢管,上弦杆,4,3.65604692246421
199,混凝土-C80自密实微膨胀,上弦杆,4,5.1111068334025
200,钢材-Q420D钢管,上弦杆,4,3.66529171844978
201,混凝土-C80自密实微膨胀,上弦杆,4,5.12403093994088
202,钢材-Q420D钢管,上弦杆,4,1.76013819995808
203,混凝土-C80自密实微膨胀,上弦杆,4,2.46065068975509
204,钢材-Q420D钢管,上弦杆,4,3.2178474852809
205,混凝土-C80自密实微膨胀,上弦杆,4,5.18446985067072
206,钢材-Q420D钢管,上弦杆,4,3.22883861793836
207,混凝土-C80自密实微膨胀,上弦杆,4,5.20217833317276
208,钢材-Q420D钢管,上弦杆,4,3.61480330986249
209,混凝土-C80自密实微膨胀,上弦杆,4,5.82402952961919
210,钢材-Q420D钢管,上弦杆,4,3.6306476184818
211,混凝土-C80自密实微膨胀,上弦杆,4,5.84955725917048
212,钢材-Q420D钢管,上弦杆,4,3.62802794839589
213,混凝土-C80自密实微膨胀,上弦杆,4,5.84533654931978
214,钢材-Q420D钢管,上弦杆,4,3.64714205187458
215,混凝土-C80自密实微膨胀,上弦杆,4,5.87613244429653
216,钢材-Q420D钢管,上弦杆,4,3.25294553544584
217,混凝土-C80自密实微膨胀,上弦杆,4,5.24101845458367
218,钢材-Q420D钢管,上弦杆,4,3.27057145832122
219,混凝土-C80自密实微膨胀,上弦杆,4,5.26941665125262
220,钢材-Q420D钢管,上弦杆,4,1.56983878574852
221,混凝土-C80自密实微膨胀,上弦杆,4,2.52926277343944
222,钢材-Q420D钢管,上弦杆,4,3.26990919279252
223,混凝土-C80自密实微膨胀,上弦杆,4,5.26834963496848
224,钢材-Q420D钢管,上弦杆,4,3.28966577623804
225,混凝土-C80自密实微膨胀,上弦杆,4,5.30018066850691
226,钢材-Q420D钢管,上弦杆,4,3.6785276471694
227,混凝土-C80自密实微膨胀,上弦杆,4,5.92669968631022
228,钢材-Q420D钢管,上弦杆,4,3.70618345484873
229,混凝土-C80自密实微膨胀,上弦杆,4,5.97125764058408
230,钢材-Q420D钢管,上弦杆,4,3.6991710587353
231,混凝土-C80自密实微膨胀,上弦杆,4,5.95995954258617
232,钢材-Q420D钢管,上弦杆,4,3.72921010728216
233,混凝土-C80自密实微膨胀,上弦杆,4,6.00835728121313
234,钢材-Q420D钢管,上弦杆,4,3.32415717551633
235,混凝土-C80自密实微膨胀,上弦杆,4,5.35575186026901
236,钢材-Q420D钢管,上弦杆,4,3.34830690718604
237,混凝土-C80自密实微膨胀,上弦杆,4,5.39466096218142
238,钢材-Q420D钢管,上弦杆,4,1.60733146226959
239,混凝土-C80自密实微膨胀,上弦杆,4,2.58966950555884
240,钢材-Q420D钢管,上弦杆,4,3.34896090707066
241,混凝土-C80自密实微膨胀,上弦杆,4,5.39571466118352
242,钢材-Q420D钢管,上弦杆,4,3.37426956427096
243,混凝土-C80自密实微膨胀,上弦杆,4,5.43649097852488
244,钢材-Q420D钢管,上弦杆,4,3.77348707048997
245,混凝土-C80自密实微膨胀,上弦杆,4,6.0796945903554
246,钢材-Q420D钢管,上弦杆,4,3.80909855001035
247,混凝土-C80自密实微膨胀,上弦杆,4,6.13707041153888
248,钢材-Q420D钢管,上弦杆,4,3.80266046935418
249,混凝土-C80自密实微膨胀,上弦杆,4,6.12669762811431
250,钢材-Q420D钢管,上弦杆,4,3.83951548999126
251,混凝土-C80自密实微膨胀,上弦杆,4,6.18607699404536
252,钢材-Q420D钢管,上弦杆,4,3.42528210145075
253,混凝土-C80自密实微膨胀,上弦杆,4,5.5186803806717
254,钢材-Q420D钢管,上弦杆,4,3.4519873938805
255,混凝土-C80自密实微膨胀,上弦杆,4,5.56170690199959
256,钢材-Q420D钢管,上弦杆,4,1.65848497212546
257,混凝土-C80自密实微膨胀,上弦杆,4,2.67208603736058
258,钢材-Q420D钢管,上弦杆,4,3.45920067090778
259,混凝土-C80自密实微膨胀,上弦杆,4,5.573328651459
260,钢材-Q420D钢管,上弦杆,4,3.48571049607968
261,混凝土-C80自密实微膨胀,上弦杆,4,5.61604024359596
262,钢材-Q420D钢管,上弦杆,4,3.90466158427978
263,混凝土-C80自密实微膨胀,上弦杆,4,6.2910378299062
264,钢材-Q420D钢管,上弦杆,4,3.94295601484521
265,混凝土-C80自密实微膨胀,上弦杆,4,6.35273631674351
266,钢材-Q420D钢管,上弦杆,4,3.52371820733918
267,混凝土-C80自密实微膨胀,上弦杆,4,5.67727677951608
268,钢材-Q420D钢管,上弦杆,4,3.5487707313536
269,混凝土-C80自密实微膨胀,上弦杆,4,5.71764042509906
270,钢材-Q420D钢管,上弦杆,4,1.70703330998934
271,混凝土-C80自密实微膨胀,上弦杆,4,2.75030521807276
272,钢材-Q420D钢管,上弦杆,4,3.56547550722079
273,混凝土-C80自密实微膨胀,上弦杆,4,5.74455450578244
274,钢材-Q420D钢管,上弦杆,4,3.58894964911204
275,混凝土-C80自密实微膨胀,上弦杆,4,5.7823751239013
276,钢材-Q420D钢管,上弦杆,4,4.03049252555581
277,混凝土-C80自密实微膨胀,上弦杆,4,6.49377171468823
278,钢材-Q420D钢管,上弦杆,4,4.06595669286034
279,混凝土-C80自密实微膨胀,上弦杆,4,6.55091019219859
280,钢材-Q420D钢管,上弦杆,4,3.64421878554519
281,混凝土-C80自密实微膨胀,上弦杆,4,5.87142259206781
282,钢材-Q420D钢管,上弦杆,4,3.66349464733985
283,混凝土-C80自密实微膨胀,上弦杆,4,5.90247910570846
284,钢材-Q420D钢管,上弦杆,4,1.76536171873808
285,混凝土-C80自密实微膨胀,上弦杆,4,2.84428166598669
286,钢材-Q420D钢管,上弦杆,4,3.69480674034644
287,混凝土-C80自密实微膨胀,上弦杆,4,5.95292792371386
288,钢材-Q420D钢管,上弦杆,4,3.71063861418255
289,混凝土-C80自密实微膨胀,上弦杆,4,5.97843561882942
290,钢材-Q420D钢管,上弦杆,4,4.18313315691704
291,混凝土-C80自密实微膨胀,上弦杆,4,6.7397003222122
292,钢材-Q420D钢管,上弦杆,4,4.21009074910538
293,混凝土-C80自密实微膨胀,上弦杆,4,6.78313333903057
294,钢材-Q420D钢管,上弦杆,4,3.78954828031639
295,混凝土-C80自密实微膨胀,上弦杆,4,6.10557178263728
296,钢材-Q420D钢管,上弦杆,4,3.79750021462126
297,混凝土-C80自密实微膨胀,上弦杆,4,6.11838362777497
298,钢材-Q420D钢管,上弦杆,4,1.83446008689787
299,混凝土-C80自密实微膨胀,上弦杆,4,2.95561025072963
300,钢材-Q420D钢管,上弦杆,4,3.8500400356914
301,混凝土-C80自密实微膨胀,上弦杆,4,6.20303372991428
302,钢材-Q420D钢管,上弦杆,4,3.8520647348227
303,混凝土-C80自密实微膨胀,上弦杆,4,6.2062958458632
304,钢材-Q420D钢管,上弦杆,4,4.36590119505112
305,混凝土-C80自密实微膨胀,上弦杆,4,7.03416902767655
306,钢材-Q420D钢管,上弦杆,4,4.3766577706498
307,混凝土-C80自密实微膨胀,上弦杆,4,7.05149960103123
308,钢材-Q420D钢管,上弦杆,4,3.96269265244805
309,混凝土-C80自密实微膨胀,上弦杆,4,6.38453521432134
310,钢材-Q420D钢管,上弦杆,4,5.05340794776952
311,混凝土-C80自密实微膨胀,上弦杆,4,6.22683773175004
312,钢材-Q420D钢管,上弦杆,4,2.44915819161528
313,混凝土-C80自密实微膨胀,上弦杆,4,3.01786651625979
314,钢材-Q420D钢管,上弦杆,4,5.15870842449818
315,混凝土-C80自密实微膨胀,上弦杆,4,6.35658957217976
316,钢材-Q420D钢管,上弦杆,4,5.13305273890116
317,混凝土-C80自密实微膨胀,上弦杆,4,6.32497649190588
318,钢材-Q420D钢管,上弦杆,4,6.14282509568007
319,混凝土-C80自密实微膨胀,上弦杆,4,7.56922367651015
320,钢材-Q420D钢管,上弦杆,4,4.69487950674195
321,混凝土-C80自密实微膨胀,上弦杆,4,5.7850569676458
322,钢材-Q420D钢管,上弦杆,4,10.4956854119828
323,混凝土-C80自密实微膨胀,上弦杆,4,12.9328426715993
324,钢材-Q420D钢管,上弦杆,4,2.32822587893298
325,混凝土-C80自密实微膨胀,上弦杆,4,2.86885303953656
326,钢材-Q420D钢管,上弦杆,4,10.1950751576725
327,混凝土-C80自密实微膨胀,上弦杆,4,12.5624290233372
328,钢材-Q420D钢管,上弦杆,4,10.3988751495418
329,混凝土-C80自密实微膨胀,上弦杆,4,12.813552521028
330,钢材-Q420D钢管,上弦杆,4,14.5223915370147
331,混凝土-C80自密实微膨胀,上弦杆,4,17.8945726354516
332,钢材-Q420D钢管,上弦杆,4,3.70171926470506
333,混凝土-C80自密实微膨胀,上弦杆,4,4.56127932437856
334,钢材-Q420D钢管,下弦杆,4,3.70171923341453
335,混凝土-C80自密实微膨胀,下弦杆,4,4.5612792858222
336,钢材-Q420D钢管,下弦杆,4,11.853074245532
337,混凝土-C80自密实微膨胀,下弦杆,4,14.6054248364987
338,钢材-Q420D钢管,下弦杆,4,8.30037587797561
339,混凝土-C80自密实微膨胀,下弦杆,4,10.2277699008051
340,钢材-Q420D钢管,下弦杆,4,9.05394225841076
341,混凝土-C80自密实微膨胀,下弦杆,4,11.1563186385224
342,钢材-Q420D钢管,下弦杆,4,2.02675641769489
343,混凝土-C80自密实微膨胀,下弦杆,4,2.4973806716593
344,钢材-Q420D钢管,下弦杆,4,0.813534972253267
345,混凝土-C80自密实微膨胀,下弦杆,4,1.00244237427156
346,钢材-Q420D钢管,下弦杆,4,3.43151607420323
347,混凝土-C80自密实微膨胀,下弦杆,4,4.22833343138002
348,钢材-Q420D钢管,下弦杆,4,4.92387933722626
349,混凝土-C80自密实微膨胀,下弦杆,4,6.06723184839206
350,钢材-Q420D钢管,下弦杆,4,5.49344776009615
351,混凝土-C80自密实微膨胀,下弦杆,4,6.76905726660414
352,钢材-Q420D钢管,下弦杆,4,5.50692218817393
353,混凝土-C80自密实微膨胀,下弦杆,4,6.78566053276346
354,钢材-Q420D钢管,下弦杆,4,2.60967983090386
355,混凝土-C80自密实微膨胀,下弦杆,4,3.21566218417646
356,钢材-Q420D钢管,下弦杆,4,5.37504184694588
357,混凝土-C80自密实微膨胀,下弦杆,4,6.62315683361182
358,钢材-Q420D钢管,下弦杆,4,5.37705371646467
359,混凝土-C80自密实微膨胀,下弦杆,4,6.62563587056282
360,钢材-Q420D钢管,下弦杆,4,5.92443785072607
361,混凝土-C80自密实微膨胀,下弦杆,4,7.30012568341963
362,钢材-Q420D钢管,下弦杆,4,5.89530789148567
363,混凝土-C80自密实微膨胀,下弦杆,4,7.26423158359685
364,钢材-Q420D钢管,下弦杆,4,5.18973703493435
365,混凝土-C80自密实微膨胀,下弦杆,4,6.39482320069831
366,钢材-Q420D钢管,下弦杆,4,5.17631885230034
367,混凝土-C80自密实微膨胀,下弦杆,4,6.37828924049155
368,钢材-Q420D钢管,下弦杆,4,2.46273103534901
369,混凝土-C80自密实微膨胀,下弦杆,4,3.03459105074461
370,钢材-Q420D钢管,下弦杆,4,5.09069787798219
371,混凝土-C80自密实微膨胀,下弦杆,4,6.2727865937581
372,钢材-Q420D钢管,下弦杆,4,5.07035418329655
373,混凝土-C80自密实微膨胀,下弦杆,4,6.24771897859998
374,钢材-Q420D钢管,下弦杆,4,4.39656009156609
375,混凝土-C80自密实微膨胀,下弦杆,4,7.08356544107519
376,钢材-Q420D钢管,下弦杆,4,4.3596905145112
377,混凝土-C80自密实微膨胀,下弦杆,4,7.02416262241383
378,钢材-Q420D钢管,下弦杆,4,3.86019727200695
379,混凝土-C80自密实微膨胀,下弦杆,4,6.21939867128735
380,钢材-Q420D钢管,下弦杆,4,3.83732359196076
381,混凝土-C80自密实微膨胀,下弦杆,4,6.18254549377791
382,钢材-Q420D钢管,下弦杆,4,1.83125442295488
383,混凝土-C80自密实微膨胀,下弦杆,4,2.95044541052516
384,钢材-Q420D钢管,下弦杆,4,3.79579517064367
385,混凝土-C80自密实微膨胀,下弦杆,4,6.11563652769135
386,钢材-Q420D钢管,下弦杆,4,3.77002425886146
387,混凝土-C80自密实微膨胀,下弦杆,4,6.07411544387046
388,钢材-Q420D钢管,下弦杆,4,4.19969354264258
389,混凝土-C80自密实微膨胀,下弦杆,4,6.76638176715397
390,钢材-Q420D钢管,下弦杆,4,4.15638666855202
391,混凝土-C80自密实微膨胀,下弦杆,4,6.69660742760671
392,钢材-Q420D钢管,下弦杆,4,3.6956321046487
393,混凝土-C80自密实微膨胀,下弦杆,4,5.95425771835466
394,钢材-Q420D钢管,下弦杆,4,3.66656040682891
395,混凝土-C80自密实微膨胀,下弦杆,4,5.90741853733569
396,钢材-Q420D钢管,下弦杆,4,1.75374837283157
397,混凝土-C80自密实微膨胀,下弦杆,4,2.82557069786494
398,钢材-Q420D钢管,下弦杆,4,3.64247483816724
399,混凝土-C80自密实微膨胀,下弦杆,4,5.86861281234908
400,钢材-Q420D钢管,下弦杆,4,3.61232478789423
401,混凝土-C80自密实微膨胀,下弦杆,4,5.82003623208801
402,钢材-Q420D钢管,下弦杆,4,4.03703354978153
403,混凝土-C80自密实微膨胀,下弦杆,4,6.50431035676057
404,钢材-Q420D钢管,下弦杆,4,3.99272533787944
405,混凝土-C80自密实微膨胀,下弦杆,4,6.43292270094585
406,钢材-Q420D钢管,下弦杆,4,3.56018146974646
407,混凝土-C80自密实微膨胀,下弦杆,4,5.73602495992933
408,钢材-Q420D钢管,下弦杆,4,3.52936966119401
409,混凝土-C80自密实微膨胀,下弦杆,4,5.68638218064426
410,钢材-Q420D钢管,下弦杆,4,1.69084477592313
411,混凝土-C80自密实微膨胀,下弦杆,4,2.72422288596201
412,钢材-Q420D钢管,下弦杆,4,3.51673727848297
413,混凝土-C80自密实微膨胀,下弦杆,4,5.66602938033067
414,钢材-Q420D钢管,下弦杆,4,3.48615419067981
415,混凝土-C80自密实微膨胀,下弦杆,4,5.61675510695967
416,钢材-Q420D钢管,下弦杆,4,3.90389094384874
417,混凝土-C80自密实微膨胀,下弦杆,4,6.28979620422359
418,钢材-Q420D钢管,下弦杆,4,3.86254656872492
419,混凝土-C80自密实微膨胀,下弦杆,4,6.22318376615599
420,钢材-Q420D钢管,下弦杆,4,3.86536419458007
421,混凝土-C80自密实微膨胀,下弦杆,4,6.22772341458971
422,钢材-Q420D钢管,下弦杆,4,3.82569966687916
423,混凝土-C80自密实微膨胀,下弦杆,4,6.16381748090357
424,钢材-Q420D钢管,下弦杆,4,3.41809969734209
425,混凝土-C80自密实微膨胀,下弦杆,4,5.50710837244973
426,钢材-Q420D钢管,下弦杆,4,3.3898909054646
427,混凝土-C80自密实微膨胀,下弦杆,4,5.4616594716918
428,钢材-Q420D钢管,下弦杆,4,1.62609329098987
429,混凝土-C80自密实微膨胀,下弦杆,4,2.61989782924065
430,钢材-Q420D钢管,下弦杆,4,3.38560752168937
431,混凝土-C80自密实微膨胀,下弦杆,4,5.45475825149939
432,钢材-Q420D钢管,下弦杆,4,3.35888115488871
433,混凝土-C80自密实微膨胀,下弦杆,4,5.4116977759704
434,钢材-Q420D钢管,下弦杆,4,3.76553245432319
435,混凝土-C80自密实微膨胀,下弦杆,4,6.06687842430683
436,钢材-Q420D钢管,下弦杆,4,3.73256554460926
437,混凝土-C80自密实微膨胀,下弦杆,4,6.01376343042864
438,钢材-Q420D钢管,下弦杆,4,3.73712632322512
439,混凝土-C80自密实微膨胀,下弦杆,4,6.02111157832492
440,钢材-Q420D钢管,下弦杆,4,3.70686201107174
441,混凝土-C80自密实微膨胀,下弦杆,4,5.97235090379693
442,钢材-Q420D钢管,下弦杆,4,3.31308917487087
443,混凝土-C80自密实微膨胀,下弦杆,4,5.33791953107502
444,钢材-Q420D钢管,下弦杆,4,3.29147624818974
445,混凝土-C80自密实微膨胀,下弦杆,4,5.30309763001363
446,钢材-Q420D钢管,下弦杆,4,1.57960704211056
447,混凝土-C80自密实微膨胀,下弦杆,4,2.54500100554469
448,钢材-Q420D钢管,下弦杆,4,3.28974423339825
449,混凝土-C80自密实微膨胀,下弦杆,4,5.30030707561089
450,钢材-Q420D钢管,下弦杆,4,3.27049526298263
451,混凝土-C80自密实微膨胀,下弦杆,4,5.26929388830704
452,钢材-Q420D钢管,下弦杆,4,3.66510556089538
453,混凝土-C80自密实微膨胀,下弦杆,4,5.90507454654239
454,钢材-Q420D钢管,下弦杆,4,3.64418895262649
455,混凝土-C80自密实微膨胀,下弦杆,4,5.87137452643753
456,钢材-Q420D钢管,下弦杆,4,3.64521157657528
457,混凝土-C80自密实微膨胀,下弦杆,4,5.87302213809573
458,钢材-Q420D钢管,下弦杆,4,3.62779254262176
459,混凝土-C80自密实微膨胀,下弦杆,4,5.8449572727555
460,钢材-Q420D钢管,下弦杆,4,3.2392424735689
461,混凝土-C80自密实微膨胀,下弦杆,4,5.21894061792802
462,钢材-Q420D钢管,下弦杆,4,3.22715085845293
463,混凝土-C80自密实微膨胀,下弦杆,4,5.199459081186
464,钢材-Q420D钢管,下弦杆,4,1.54842431488839
465,混凝土-C80自密实微膨胀,下弦杆,4,2.49476061662492
466,钢材-Q420D钢管,下弦杆,4,3.22371204076096
467,混凝土-C80自密实微膨胀,下弦杆,4,5.19391859279198
468,钢材-Q420D钢管,下弦杆,4,3.21467112791473
469,混凝土-C80自密实微膨胀,下弦杆,4,5.17935222807512
470,钢材-Q420D钢管,下弦杆,4,3.59693897777213
471,混凝土-C80自密实微膨胀,下弦杆,4,5.79524721735967
472,钢材-Q420D钢管,下弦杆,4,3.59094301023446
473,混凝土-C80自密实微膨胀,下弦杆,4,5.78558674927756
474,钢材-Q420D钢管,下弦杆,4,3.58445710885824
475,混凝土-C80自密实微膨胀,下弦杆,4,5.77513691898161
476,钢材-Q420D钢管,下弦杆,4,3.58257815954789
477,混凝土-C80自密实微膨胀,下弦杆,4,5.77210962943635
478,钢材-Q420D钢管,下弦杆,4,3.19235550766203
479,混凝土-C80自密实微膨胀,下弦杆,4,5.14339817465017
480,钢材-Q420D钢管,下弦杆,4,3.19211188017336
481,混凝土-C80自密实微膨胀,下弦杆,4,5.14300565158138
482,钢材-Q420D钢管,下弦杆,4,1.53051309447336
483,混凝土-C80自密实微膨胀,下弦杆,4,2.46590275973294
484,钢材-Q420D钢管,下弦杆,4,3.18375564932025
485,混凝土-C80自密实微膨胀,下弦杆,4,5.12954241967826
486,钢材-Q420D钢管,下弦杆,4,3.18716287529936
487,混凝土-C80自密实微膨胀,下弦杆,4,5.13503200874174
488,钢材-Q420D钢管,下弦杆,4,3.55723779071137
489,混凝土-C80自密实微膨胀,下弦杆,4,5.7312822195486
490,钢材-Q420D钢管,下弦杆,4,3.56861946755815
491,混凝土-C80自密实微膨胀,下弦杆,4,5.74961993155395
492,钢材-Q420D钢管,下弦杆,4,3.55148158209077
493,混凝土-C80自密实微膨胀,下弦杆,4,5.72200804164422
494,钢材-Q420D钢管,下弦杆,4,3.56757663623226
495,混凝土-C80自密实微膨胀,下弦杆,4,5.74793976256113
496,钢材-Q420D钢管,下弦杆,4,3.16981516600524
497,混凝土-C80自密实微膨胀,下弦杆,4,5.10708205889949
498,钢材-Q420D钢管,下弦杆,4,3.18352670780896
499,混凝土-C80自密实微膨胀,下弦杆,4,5.12917355808111
500,钢材-Q420D钢管,下弦杆,4,1.52467416813005
501,混凝土-C80自密实微膨胀,下弦杆,4,2.45649531027313
502,钢材-Q420D钢管,下弦杆,4,3.18352670780896
503,混凝土-C80自密实微膨胀,下弦杆,4,5.12917355808111
504,钢材-Q420D钢管,下弦杆,4,3.16981516600524
505,混凝土-C80自密实微膨胀,下弦杆,4,5.10708205889949
506,钢材-Q420D钢管,下弦杆,4,3.56757663623226
507,混凝土-C80自密实微膨胀,下弦杆,4,5.74793976256113
508,钢材-Q420D钢管,下弦杆,4,3.55148158209077
509,混凝土-C80自密实微膨胀,下弦杆,4,5.72200804164422
510,钢材-Q420D钢管,下弦杆,4,3.56861946755815
511,混凝土-C80自密实微膨胀,下弦杆,4,5.74961993155395
512,钢材-Q420D钢管,下弦杆,4,3.55723779071137
513,混凝土-C80自密实微膨胀,下弦杆,4,5.7312822195486
514,钢材-Q420D钢管,下弦杆,4,3.18716287529936
515,混凝土-C80自密实微膨胀,下弦杆,4,5.13503200874174
516,钢材-Q420D钢管,下弦杆,4,3.18375564932025
517,混凝土-C80自密实微膨胀,下弦杆,4,5.12954241967826
518,钢材-Q420D钢管,下弦杆,4,1.53051309447336
519,混凝土-C80自密实微膨胀,下弦杆,4,2.46590275973294
520,钢材-Q420D钢管,下弦杆,4,3.19211188017336
521,混凝土-C80自密实微膨胀,下弦杆,4,5.14300565158137
522,钢材-Q420D钢管,下弦杆,4,3.19235550766204
523,混凝土-C80自密实微膨胀,下弦杆,4,5.14339817465017
524,钢材-Q420D钢管,下弦杆,4,3.58257815954789
525,混凝土-C80自密实微膨胀,下弦杆,4,5.77210962943635
526,钢材-Q420D钢管,下弦杆,4,3.58445710885824
527,混凝土-C80自密实微膨胀,下弦杆,4,5.77513691898161
528,钢材-Q420D钢管,下弦杆,4,3.59094301023446
529,混凝土-C80自密实微膨胀,下弦杆,4,5.78558674927756
530,钢材-Q420D钢管,下弦杆,4,3.59693897777212
531,混凝土-C80自密实微膨胀,下弦杆,4,5.79524721735965
532,钢材-Q420D钢管,下弦杆,4,3.21467112791473
533,混凝土-C80自密实微膨胀,下弦杆,4,5.17935222807512
534,钢材-Q420D钢管,下弦杆,4,3.22371204076097
535,混凝土-C80自密实微膨胀,下弦杆,4,5.19391859279199
536,钢材-Q420D钢管,下弦杆,4,1.54842431488839
537,混凝土-C80自密实微膨胀,下弦杆,4,2.49476061662492
538,钢材-Q420D钢管,下弦杆,4,3.22715085845293
539,混凝土-C80自密实微膨胀,下弦杆,4,5.199459081186
540,钢材-Q420D钢管,下弦杆,4,3.2392424735689
541,混凝土-C80自密实微膨胀,下弦杆,4,5.21894061792802
542,钢材-Q420D钢管,下弦杆,4,3.62779254262176
543,混凝土-C80自密实微膨胀,下弦杆,4,5.8449572727555
544,钢材-Q420D钢管,下弦杆,4,3.64521157657526
545,混凝土-C80自密实微膨胀,下弦杆,4,5.87302213809571
546,钢材-Q420D钢管,下弦杆,4,3.64418895262651
547,混凝土-C80自密实微膨胀,下弦杆,4,5.87137452643756
548,钢材-Q420D钢管,下弦杆,4,3.66510556089537
549,混凝土-C80自密实微膨胀,下弦杆,4,5.90507454654237
550,钢材-Q420D钢管,下弦杆,4,3.27049526298264
551,混凝土-C80自密实微膨胀,下弦杆,4,5.26929388830706
552,钢材-Q420D钢管,下弦杆,4,3.28974423339824
553,混凝土-C80自密实微膨胀,下弦杆,4,5.30030707561087
554,钢材-Q420D钢管,下弦杆,4,1.57960704211056
555,混凝土-C80自密实微膨胀,下弦杆,4,2.54500100554469
556,钢材-Q420D钢管,下弦杆,4,3.29147624818975
557,混凝土-C80自密实微膨胀,下弦杆,4,5.30309763001366
558,钢材-Q420D钢管,下弦杆,4,3.31308917487086
559,混凝土-C80自密实微膨胀,下弦杆,4,5.337919531075
560,钢材-Q420D钢管,下弦杆,4,3.70686201107176
561,混凝土-C80自密实微膨胀,下弦杆,4,5.97235090379696
562,钢材-Q420D钢管,下弦杆,4,3.73712632322511
563,混凝土-C80自密实微膨胀,下弦杆,4,6.0211115783249
564,钢材-Q420D钢管,下弦杆,4,3.73256554460926
565,混凝土-C80自密实微膨胀,下弦杆,4,6.01376343042864
566,钢材-Q420D钢管,下弦杆,4,3.76553245432319
567,混凝土-C80自密实微膨胀,下弦杆,4,6.06687842430683
568,钢材-Q420D钢管,下弦杆,4,3.35888115488871
569,混凝土-C80自密实微膨胀,下弦杆,4,5.4116977759704
570,钢材-Q420D钢管,下弦杆,4,3.38560752168937
571,混凝土-C80自密实微膨胀,下弦杆,4,5.45475825149939
572,钢材-Q420D钢管,下弦杆,4,1.62609329098988
573,混凝土-C80自密实微膨胀,下弦杆,4,2.61989782924066
574,钢材-Q420D钢管,下弦杆,4,3.3898909054646
575,混凝土-C80自密实微膨胀,下弦杆,4,5.4616594716918
576,钢材-Q420D钢管,下弦杆,4,3.41809969734207
577,混凝土-C80自密实微膨胀,下弦杆,4,5.50710837244971
578,钢材-Q420D钢管,下弦杆,4,3.82569966687917
579,混凝土-C80自密实微膨胀,下弦杆,4,6.1638174809036
580,钢材-Q420D钢管,下弦杆,4,3.86536419458006
581,混凝土-C80自密实微膨胀,下弦杆,4,6.22772341458969
582,钢材-Q420D钢管,下弦杆,4,3.86254656872492
583,混凝土-C80自密实微膨胀,下弦杆,4,6.22318376615599
584,钢材-Q420D钢管,下弦杆,4,3.90389094384874
585,混凝土-C80自密实微膨胀,下弦杆,4,6.28979620422359
586,钢材-Q420D钢管,下弦杆,4,3.48615419067978
587,混凝土-C80自密实微膨胀,下弦杆,4,5.61675510695963
588,钢材-Q420D钢管,下弦杆,4,3.516737278483
589,混凝土-C80自密实微膨胀,下弦杆,4,5.66602938033072
590,钢材-Q420D钢管,下弦杆,4,1.69084477592312
591,混凝土-C80自密实微膨胀,下弦杆,4,2.72422288596201
592,钢材-Q420D钢管,下弦杆,4,3.52936966119402
593,混凝土-C80自密实微膨胀,下弦杆,4,5.68638218064427
594,钢材-Q420D钢管,下弦杆,4,3.56018146974646
595,混凝土-C80自密实微膨胀,下弦杆,4,5.73602495992933
596,钢材-Q420D钢管,下弦杆,4,3.99272533787944
597,混凝土-C80自密实微膨胀,下弦杆,4,6.43292270094585
598,钢材-Q420D钢管,下弦杆,4,4.03703354978151
599,混凝土-C80自密实微膨胀,下弦杆,4,6.50431035676053
600,钢材-Q420D钢管,下弦杆,4,3.61232478789423
601,混凝土-C80自密实微膨胀,下弦杆,4,5.82003623208801
602,钢材-Q420D钢管,下弦杆,4,3.64247483816725
603,混凝土-C80自密实微膨胀,下弦杆,4,5.86861281234909
604,钢材-Q420D钢管,下弦杆,4,1.75374837283157
605,混凝土-C80自密实微膨胀,下弦杆,4,2.82557069786494
606,钢材-Q420D钢管,下弦杆,4,3.66656040682891
607,混凝土-C80自密实微膨胀,下弦杆,4,5.90741853733569
608,钢材-Q420D钢管,下弦杆,4,3.69563210464868
609,混凝土-C80自密实微膨胀,下弦杆,4,5.95425771835463
610,钢材-Q420D钢管,下弦杆,4,4.15638666855202
611,混凝土-C80自密实微膨胀,下弦杆,4,6.69660742760672
612,钢材-Q420D钢管,下弦杆,4,4.19969354264258
613,混凝土-C80自密实微膨胀,下弦杆,4,6.76638176715397
614,钢材-Q420D钢管,下弦杆,4,3.77002425886149
615,混凝土-C80自密实微膨胀,下弦杆,4,6.07411544387051
616,钢材-Q420D钢管,下弦杆,4,3.79579517064365
617,混凝土-C80自密实微膨胀,下弦杆,4,6.11563652769131
618,钢材-Q420D钢管,下弦杆,4,1.8312544229549
619,混凝土-C80自密实微膨胀,下弦杆,4,2.9504454105252
620,钢材-Q420D钢管,下弦杆,4,3.83732359196074
621,混凝土-C80自密实微膨胀,下弦杆,4,6.18254549377788
622,钢材-Q420D钢管,下弦杆,4,3.86019727200694
623,混凝土-C80自密实微膨胀,下弦杆,4,6.21939867128734
624,钢材-Q420D钢管,下弦杆,4,4.35969051451119
625,混凝土-C80自密实微膨胀,下弦杆,4,7.02416262241381
626,钢材-Q420D钢管,下弦杆,4,4.39656009156609
627,混凝土-C80自密实微膨胀,下弦杆,4,7.08356544107519
628,钢材-Q420D钢管,下弦杆,4,5.07035418329657
629,混凝土-C80自密实微膨胀,下弦杆,4,6.24771897859999
630,钢材-Q420D钢管,下弦杆,4,5.09069787798219
631,混凝土-C80自密实微膨胀,下弦杆,4,6.2727865937581
632,钢材-Q420D钢管,下弦杆,4,2.46273103534902
633,混凝土-C80自密实微膨胀,下弦杆,4,3.03459105074462
634,钢材-Q420D钢管,下弦杆,4,5.17631885230032
635,混凝土-C80自密实微膨胀,下弦杆,4,6.37828924049151
636,钢材-Q420D钢管,下弦杆,4,5.18973703493435
637,混凝土-C80自密实微膨胀,下弦杆,4,6.39482320069831
638,钢材-Q420D钢管,下弦杆,4,5.89530789148567
639,混凝土-C80自密实微膨胀,下弦杆,4,7.26423158359685
640,钢材-Q420D钢管,下弦杆,4,5.92443785072609
641,混凝土-C80自密实微膨胀,下弦杆,4,7.30012568341965
642,钢材-Q420D钢管,下弦杆,4,5.37705371646467
643,混凝土-C80自密实微膨胀,下弦杆,4,6.62563587056282
644,钢材-Q420D钢管,下弦杆,4,5.37504184694585
645,混凝土-C80自密实微膨胀,下弦杆,4,6.62315683361179
646,钢材-Q420D钢管,下弦杆,4,2.60967983090386
647,混凝土-C80自密实微膨胀,下弦杆,4,3.21566218417646
648,钢材-Q420D钢管,下弦杆,4,5.50692218817395
649,混凝土-C80自密实微膨胀,下弦杆,4,6.78566053276349
650,钢材-Q420D钢管,下弦杆,4,5.49344776009611
651,混凝土-C80自密实微膨胀,下弦杆,4,6.76905726660409
652,钢材-Q420D钢管,下弦杆,4,4.92387933722629
653,混凝土-C80自密实微膨胀,下弦杆,4,6.0672318483921
654,钢材-Q420D钢管,下弦杆,4,3.43151607420319
655,混凝土-C80自密实微膨胀,下弦杆,4,4.22833343137998
656,钢材-Q420D钢管,下弦杆,4,0.813534972253293
657,混凝土-C80自密实微膨胀,下弦杆,4,1.00244237427159
658,钢材-Q420D钢管,下弦杆,4,2.36476048034314
659,混凝土-C80自密实微膨胀,下弦杆,4,2.91387118114051
660,钢材-Q420D钢管,下弦杆,4,8.71594830829105
661,混凝土-C80自密实微膨胀,下弦杆,4,10.7398405897558
662,钢材-Q420D钢管,下弦杆,4,8.30037587797559
663,混凝土-C80自密实微膨胀,下弦杆,4,10.2277699008051
664,钢材-Q420D钢管,下弦杆,4,11.8530760007275
665,混凝土-C80自密实微膨胀,下弦杆,4,14.6054269992606
666,钢材-Q420D钢管,下弦杆,4,3.70171926470506
667,混凝土-C80自密实微膨胀,下弦杆,4,4.56127932437856
668,钢材-Q345D钢管,斜腹杆,4,7.06963563323722
669,钢材-Q345D钢管,斜腹杆,4,6.8202527907408
670,钢材-Q345D钢管,斜腹杆,4,5.75635969242642
671,钢材-Q345D钢管,斜腹杆,4,5.43269419625172
672,钢材-Q345D钢管,斜腹杆,4,5.33000082448613
673,钢材-Q345D钢管,斜腹杆,4,5.11558172678955
674,钢材-Q345D钢管,斜腹杆,4,4.90069564844295
675,钢材-Q345D钢管,斜腹杆,4,4.8007044048308
676,钢材-Q345D钢管,斜腹杆,4,4.64332027146392
677,钢材-Q345D钢管,斜腹杆,4,4.51852656241307
678,钢材-Q345D钢管,斜腹杆,4,4.41390377540509
679,钢材-Q345D钢管,斜腹杆,4,4.30029388261019
680,钢材-Q345D钢管,斜腹杆,4,4.24959189908332
681,钢材-Q345D钢管,斜腹杆,4,4.1366155113357
682,钢材-Q345D钢管,斜腹杆,4,4.0567992145628
683,钢材-Q345D钢管,斜腹杆,4,4.06669065784909
684,钢材-Q345D钢管,斜腹杆,4,4.02125761436657
685,钢材-Q345D钢管,斜腹杆,4,3.89556060349845
686,钢材-Q345D钢管,斜腹杆,4,3.09557828972021
687,钢材-Q345D钢管,斜腹杆,4,3.15493153099508
688,钢材-Q345D钢管,斜腹杆,4,3.13789755117674
689,钢材-Q345D钢管,斜腹杆,4,3.0276509837629
690,钢材-Q345D钢管,斜腹杆,4,3.01141757291101
691,钢材-Q345D钢管,斜腹杆,4,3.1105059735646
692,钢材-Q345D钢管,斜腹杆,4,3.10863303572329
693,钢材-Q345D钢管,斜腹杆,4,2.99163460450027
694,钢材-Q345D钢管,斜腹杆,4,2.99215003603341
695,钢材-Q345D钢管,斜腹杆,4,3.12295033330181
696,钢材-Q345D钢管,斜腹杆,4,3.13411313709051
697,钢材-Q345D钢管,斜腹杆,4,3.01332653397056
698,钢材-Q345D钢管,斜腹杆,4,3.02883609733868
699,钢材-Q345D钢管,斜腹杆,4,3.18636334662251
700,钢材-Q345D钢管,斜腹杆,4,3.21007948171642
701,钢材-Q345D钢管,斜腹杆,4,3.08864048431387
702,钢材-Q345D钢管,斜腹杆,4,3.08864048431387
703,钢材-Q345D钢管,斜腹杆,4,3.21007948171642
704,钢材-Q345D钢管,斜腹杆,4,3.18636334662251
705,钢材-Q345D钢管,斜腹杆,4,3.02883609733868
706,钢材-Q345D钢管,斜腹杆,4,3.01332653397057
707,钢材-Q345D钢管,斜腹杆,4,3.13411313709051
708,钢材-Q345D钢管,斜腹杆,4,3.12295033330181
709,钢材-Q345D钢管,斜腹杆,4,2.99215003603342
710,钢材-Q345D钢管,斜腹杆,4,2.99163460450028
711,钢材-Q345D钢管,斜腹杆,4,3.1086330357233
712,钢材-Q345D钢管,斜腹杆,4,3.11050597356461
713,钢材-Q345D钢管,斜腹杆,4,3.01141757291103
714,钢材-Q345D钢管,斜腹杆,4,3.02765098376292
715,钢材-Q345D钢管,斜腹杆,4,3.13789755117675
716,钢材-Q345D钢管,斜腹杆,4,3.1549315309951
717,钢材-Q345D钢管,斜腹杆,4,3.09557828972024
718,钢材-Q345D钢管,斜腹杆,4,3.89556060349848
719,钢材-Q345D钢管,斜腹杆,4,4.02125761436661
720,钢材-Q345D钢管,斜腹杆,4,4.06669065784915
721,钢材-Q345D钢管,斜腹杆,4,4.05679921456286
722,钢材-Q345D钢管,斜腹杆,4,4.13661551133576
723,钢材-Q345D钢管,斜腹杆,4,4.24959189908339
724,钢材-Q345D钢管,斜腹杆,4,4.30029388261027
725,钢材-Q345D钢管,斜腹杆,4,4.41390377540519
726,钢材-Q345D钢管,斜腹杆,4,4.51852656241317
727,钢材-Q345D钢管,斜腹杆,4,4.64332027146405
728,钢材-Q345D钢管,斜腹杆,4,4.80070440483092
729,钢材-Q345D钢管,斜腹杆,4,4.9006956484431
730,钢材-Q345D钢管,斜腹杆,4,5.11558172678972
731,钢材-Q345D钢管,斜腹杆,4,5.33000082448632
732,钢材-Q345D钢管,斜腹杆,4,5.43269419625191
733,钢材-Q345D钢管,斜腹杆,4,5.75635969242666
734,钢材-Q345D钢管,斜腹杆,4,6.82025279074111
735,钢材-Q345D钢管,斜腹杆,4,7.06963563323749
736,钢材-Q345D钢管,普通竖腹杆,4,7.16466713778324
737,钢材-Q345D钢管,普通竖腹杆,4,7.07926463693325
738,钢材-Q345D钢管,普通竖腹杆,4,6.98846000945506
739,钢材-Q345D钢管,普通竖腹杆,4,6.94558452747939
740,钢材-Q345D钢管,普通竖腹杆,4,8.22013892101143
741,钢材-Q345D钢管,普通竖腹杆,4,8.53702720203513
742,钢材-Q345D钢管,普通竖腹杆,4,8.17024826153806
743,钢材-Q345D钢管,普通竖腹杆,4,8.08595617617107
744,钢材-Q345D钢管,普通竖腹杆,4,6.86883869816931
745,钢材-Q345D钢管,普通竖腹杆,4,6.5583704874346
746,钢材-Q345D钢管,普通竖腹杆,4,6.30068115645861
747,钢材-Q345D钢管,普通竖腹杆,4,6.24142284258976
748,钢材-Q345D钢管,普通竖腹杆,4,6.00473220743496
749,钢材-Q345D钢管,普通竖腹杆,4,5.75815274863159
750,钢材-Q345D钢管,普通竖腹杆,4,5.55336387570781
751,钢材-Q345D钢管,普通竖腹杆,4,5.50625772659833
752,钢材-Q345D钢管,普通竖腹杆,4,5.318073143454
753,钢材-Q345D钢管,普通竖腹杆,4,5.12200577692392
754,钢材-Q345D钢管,普通竖腹杆,4,4.95919697667633
755,钢材-Q345D钢管,普通竖腹杆,4,4.92175635118625
756,钢材-Q345D钢管,普通竖腹杆,4,4.7722419710006
757,钢材-Q345D钢管,普通竖腹杆,4,4.61661238411377
758,钢材-Q345D钢管,普通竖腹杆,4,4.48756003200297
759,钢材-Q345D钢管,普通竖腹杆,4,4.45791268687408
760,钢材-Q345D钢管,普通竖腹杆,4,4.33966516041065
761,钢材-Q345D钢管,普通竖腹杆,4,4.21689626098938
762,钢材-Q345D钢管,普通竖腹杆,4,4.10374044824071
763,钢材-Q345D钢管,普通竖腹杆,4,4.01036799435442
764,钢材-Q345D钢管,普通竖腹杆,4,3.20755705723134
765,钢材-Q345D钢管,普通竖腹杆,4,3.13925771529627
766,钢材-Q345D钢管,普通竖腹杆,4,3.06889004428826
767,钢材-Q345D钢管,普通竖腹杆,4,3.00467357236883
768,钢材-Q345D钢管,普通竖腹杆,4,2.95228847521462
769,钢材-Q345D钢管,普通竖腹杆,4,2.94038789040292
770,钢材-Q345D钢管,普通竖腹杆,4,2.89351725049213
771,钢材-Q345D钢管,普通竖腹杆,4,2.84606544509239
772,钢材-Q345D钢管,普通竖腹杆,4,2.80373665163601
773,钢材-Q345D钢管,普通竖腹杆,4,2.77011790459062
774,钢材-Q345D钢管,普通竖腹杆,4,2.76262124677903
775,钢材-Q345D钢管,普通竖腹杆,4,2.73371733132438
776,钢材-Q345D钢管,普通竖腹杆,4,2.70571972055763
777,钢材-Q345D钢管,普通竖腹杆,4,2.68222838110452
778,钢材-Q345D钢管,普通竖腹杆,4,2.66497939046538
779,钢材-Q345D钢管,普通竖腹杆,4,2.66135543168413
780,钢材-Q345D钢管,普通竖腹杆,4,2.64838110820481
781,钢材-Q345D钢管,普通竖腹杆,4,2.63788138979362
782,钢材-Q345D钢管,普通竖腹杆,4,2.63159916961311
783,钢材-Q345D钢管,普通竖腹杆,4,2.62953202033719
784,钢材-Q345D钢管,普通竖腹杆,4,2.62953202033719
785,钢材-Q345D钢管,普通竖腹杆,4,2.63159916961311
786,钢材-Q345D钢管,普通竖腹杆,4,2.63788138979362
787,钢材-Q345D钢管,普通竖腹杆,4,2.64838110820481
788,钢材-Q345D钢管,普通竖腹杆,4,2.66135543168413
789,钢材-Q345D钢管,普通竖腹杆,4,2.66497939046538
790,钢材-Q345D钢管,普通竖腹杆,4,2.68222838110453
791,钢材-Q345D钢管,普通竖腹杆,4,2.70571972055763
792,钢材-Q345D钢管,普通竖腹杆,4,2.73371733132438
793,钢材-Q345D钢管,普通竖腹杆,4,2.76262124677904
794,钢材-Q345D钢管,普通竖腹杆,4,2.77011790459063
795,钢材-Q345D钢管,普通竖腹杆,4,2.80373665163602
796,钢材-Q345D钢管,普通竖腹杆,4,2.84606544509241
797,钢材-Q345D钢管,普通竖腹杆,4,2.89351725049214
798,钢材-Q345D钢管,普通竖腹杆,4,2.94038789040294
799,钢材-Q345D钢管,普通竖腹杆,4,2.95228847521463
800,钢材-Q345D钢管,普通竖腹杆,4,3.00467357236885
801,钢材-Q345D钢管,普通竖腹杆,4,3.06889004428829
802,钢材-Q345D钢管,普通竖腹杆,4,3.1392577152963
803,钢材-Q345D钢管,普通竖腹杆,4,3.20755705723138
804,钢材-Q345D钢管,普通竖腹杆,4,4.01036799435446
805,钢材-Q345D钢管,普通竖腹杆,4,4.10374044824076
806,钢材-Q345D钢管,普通竖腹杆,4,4.21689626098943
807,钢材-Q345D钢管,普通竖腹杆,4,4.33966516041071
808,钢材-Q345D钢管,普通竖腹杆,4,4.45791268687415
809,钢材-Q345D钢管,普通竖腹杆,4,4.48756003200303
810,钢材-Q345D钢管,普通竖腹杆,4,4.61661238411385
811,钢材-Q345D钢管,普通竖腹杆,4,4.77224197100068
812,钢材-Q345D钢管,普通竖腹杆,4,4.92175635118635
813,钢材-Q345D钢管,普通竖腹杆,4,4.95919697667643
814,钢材-Q345D钢管,普通竖腹杆,4,5.12200577692404
815,钢材-Q345D钢管,普通竖腹杆,4,5.31807314345412
816,钢材-Q345D钢管,普通竖腹杆,4,5.50625772659847
817,钢材-Q345D钢管,普通竖腹杆,4,5.55336387570793
818,钢材-Q345D钢管,普通竖腹杆,4,5.75815274863175
819,钢材-Q345D钢管,普通竖腹杆,4,6.00473220743512
820,钢材-Q345D钢管,普通竖腹杆,4,6.24142284258993
821,钢材-Q345D钢管,普通竖腹杆,4,6.3006811564588
822,钢材-Q345D钢管,普通竖腹杆,4,6.5583704874348
823,钢材-Q345D钢管,普通竖腹杆,4,6.86883869816953
824,钢材-Q345D钢管,普通竖腹杆,4,8.08595617617134
825,钢材-Q345D钢管,普通竖腹杆,4,8.17024826153833
826,钢材-Q345D钢管,普通竖腹杆,4,8.53702720203543
827,钢材-Q345D钢管,普通竖腹杆,4,8.22013892101176
828,钢材-Q345D钢管,普通竖腹杆,4,6.94558452747965
829,钢材-Q345D钢管,普通竖腹杆,4,6.9956432528328
830,钢材-Q345D钢管,普通竖腹杆,4,7.0792646369335
831,钢材-Q345D钢管,普通竖腹杆,4,7.16466713778353
832,钢材-Q345D钢管,半斜腹杆,4,5.8984313456292
833,钢材-Q345D钢管,半斜腹杆,4,5.30940494911126
834,钢材-Q345D钢管,半斜腹杆,4,4.93766110900099
835,钢材-Q345D钢管,半斜腹杆,4,4.10046190335783
836,钢材-Q345D钢管,半斜腹杆,4,5.12341332624238
837,钢材-Q345D钢管,半斜腹杆,4,4.02191872460873
838,钢材-Q345D钢管,半斜腹杆,4,5.89843134532947
839,钢材-Q345D钢管,半斜腹杆,4,5.30940494905295
840,钢材-Q345D钢管,半斜腹杆,4,4.93766110900103
841,钢材-Q345D钢管,半斜腹杆,4,4.10046190335794
842,钢材-Q345D钢管,半斜腹杆,4,5.03576994121816
843,钢材-Q345D钢管,半斜腹杆,4,3.95649873995508
